sep=;
2021-07-14 17:40:02.665413;20.4009020329;instrument_smali_code;/home/tbg/acvtool/acvtool_working_dir/apktool/org.scoutant.blokish/smali;/home/tbg/acvtool/acvtool_working_dir/metadata/blokish.pickle;org.scoutant.blokish;instruction;None;None;None
2021-07-14 17:40:27.152744;62.8274941444;instrument_apk;
2021-07-14 17:49:25.889996;21.8246750832;instrument_smali_code;/home/tbg/acvtool/acvtool_working_dir/apktool/org.scoutant.blokish/smali;/home/tbg/acvtool/acvtool_working_dir/metadata/blokish.pickle;org.scoutant.blokish;instruction;None;None;None
2021-07-14 17:49:48.277417;60.0924370289;instrument_apk;
2021-07-14 18:13:09.683248;20.5293059349;instrument_smali_code;/home/tbg/acvtool/acvtool_working_dir/apktool/org.scoutant.blokish/smali;/home/tbg/acvtool/acvtool_working_dir/metadata/blokish.pickle;org.scoutant.blokish;instruction;None;None;None
2021-07-14 18:13:32.279377;53.4702990055;instrument_apk;
2021-07-14 18:20:38.930979;12.3047020435;instrument_smali_code;/home/tbg/acvtool/acvtool_working_dir/apktool/org.scoutant.blokish/smali;/home/tbg/acvtool/acvtool_working_dir/metadata/blokish.pickle;org.scoutant.blokish;instruction;None;None;None
2021-07-14 18:20:51.485166;30.3953649998;instrument_apk;
2021-07-14 18:37:26.655457;14.4747130871;instrument_smali_code;/home/tbg/acvtool/acvtool_working_dir/apktool/org.scoutant.blokish/smali;/home/tbg/acvtool/acvtool_working_dir/metadata/blokish.pickle;org.scoutant.blokish;instruction;None;None;None
2021-07-14 18:37:41.057146;41.1541769505;instrument_apk;
2021-07-14 19:26:57.841064;19.2853820324;instrument_smali_code;/home/tbg/acvtool/acvtool_working_dir/apktool/org.scoutant.blokish/smali;/home/tbg/acvtool/acvtool_working_dir/metadata/blokish.pickle;org.scoutant.blokish;instruction;None;None;None
2021-07-14 19:27:17.741289;53.5650830269;instrument_apk;
2021-07-14 19:47:27.966639;23.3253369331;instrument_smali_code;/home/tbg/acvtool/acvtool_working_dir/apktool/org.scoutant.blokish/smali;/home/tbg/acvtool/acvtool_working_dir/metadata/blokish.pickle;org.scoutant.blokish;instruction;None;None;None
2021-07-14 19:47:57.045080;71.2005050182;instrument_apk;
2021-07-14 20:17:07.388104;20.0162689686;instrument_smali_code;/home/tbg/acvtool/acvtool_working_dir/apktool/org.scoutant.blokish/smali;/home/tbg/acvtool/acvtool_working_dir/metadata/blokish.pickle;org.scoutant.blokish;instruction;None;None;None
2021-07-14 20:17:46.980212;73.0897369385;instrument_apk;
2021-07-14 20:34:10.560065;24.0174739361;instrument_smali_code;/home/tbg/acvtool/acvtool_working_dir/apktool/org.scoutant.blokish/smali;/home/tbg/acvtool/acvtool_working_dir/metadata/blokish.pickle;org.scoutant.blokish;instruction;None;None;None
2021-07-14 20:34:37.352678;69.1568720341;instrument_apk;
2021-07-14 20:50:19.436227;26.8063988686;instrument_smali_code;/home/tbg/acvtool/acvtool_working_dir/apktool/org.scoutant.blokish/smali;/home/tbg/acvtool/acvtool_working_dir/metadata/blokish.pickle;org.scoutant.blokish;instruction;None;None;None
2021-07-14 20:50:55.636823;82.5434138775;instrument_apk;
2021-07-14 21:22:26.840286;1.39914488792;instrument_smali_code;/home/tbg/acvtool/acvtool_working_dir/apktool/org.billthefarmer.currency/smali;/home/tbg/acvtool/acvtool_working_dir/metadata/billthefarmercurrency.pickle;org.billthefarmer.currency;instruction;None;None;None
2021-07-14 21:22:30.900369;8.47185206413;instrument_apk;
2021-07-14 22:09:58.725060;1.66631698608;instrument_smali_code;/home/tbg/acvtool/acvtool_working_dir/apktool/org.billthefarmer.currency/smali;/home/tbg/acvtool/acvtool_working_dir/metadata/billthefarmercurrency.pickle;org.billthefarmer.currency;instruction;None;None;None
2021-07-14 22:10:03.573402;10.0316979885;instrument_apk;
2021-07-14 22:23:27.827328;1.20408201218;instrument_smali_code;/home/tbg/acvtool/acvtool_working_dir/apktool/org.billthefarmer.currency/smali;/home/tbg/acvtool/acvtool_working_dir/metadata/billthefarmercurrency.pickle;org.billthefarmer.currency;instruction;None;None;None
2021-07-14 22:23:32.382284;9.17838692665;instrument_apk;
2021-07-14 22:39:23.311413;1.24597191811;instrument_smali_code;/home/tbg/acvtool/acvtool_working_dir/apktool/org.billthefarmer.currency/smali;/home/tbg/acvtool/acvtool_working_dir/metadata/billthefarmercurrency.pickle;org.billthefarmer.currency;instruction;None;None;None
2021-07-14 22:39:26.644256;7.890583992;instrument_apk;
2021-07-14 23:04:56.178924;1.21564102173;instrument_smali_code;/home/tbg/acvtool/acvtool_working_dir/apktool/org.billthefarmer.currency/smali;/home/tbg/acvtool/acvtool_working_dir/metadata/billthefarmercurrency.pickle;org.billthefarmer.currency;instruction;None;None;None
2021-07-14 23:05:00.427183;8.98966383934;instrument_apk;
2021-07-14 23:26:01.751585;21.8018741608;instrument_smali_code;/home/tbg/acvtool/acvtool_working_dir/apktool/fr.corenting.traficparis/smali;/home/tbg/acvtool/acvtool_working_dir/metadata/traficparis.pickle;fr.corenting.traficparis;instruction;None;None;None
2021-07-14 23:26:26.673555;61.4987940788;instrument_apk;
2021-07-14 23:46:02.053359;12.0677621365;instrument_smali_code;/home/tbg/acvtool/acvtool_working_dir/apktool/fr.corenting.traficparis/smali;/home/tbg/acvtool/acvtool_working_dir/metadata/traficparis.pickle;fr.corenting.traficparis;instruction;None;None;None
2021-07-14 23:46:23.443209;46.5412890911;instrument_apk;
2021-07-15 00:05:29.149577;27.5751709938;instrument_smali_code;/home/tbg/acvtool/acvtool_working_dir/apktool/fr.corenting.traficparis/smali;/home/tbg/acvtool/acvtool_working_dir/metadata/traficparis.pickle;fr.corenting.traficparis;instruction;None;None;None
2021-07-15 00:05:57.452666;76.1054768562;instrument_apk;
2021-07-15 08:43:17.744874;11.4090178013;instrument_smali_code;/home/tbg/acvtool/acvtool_working_dir/apktool/fr.corenting.traficparis/smali;/home/tbg/acvtool/acvtool_working_dir/metadata/traficparis.pickle;fr.corenting.traficparis;instruction;None;None;None
2021-07-15 08:43:32.212165;30.7969679832;instrument_apk;
2021-07-15 08:59:45.855044;11.1262290478;instrument_smali_code;/home/tbg/acvtool/acvtool_working_dir/apktool/fr.corenting.traficparis/smali;/home/tbg/acvtool/acvtool_working_dir/metadata/traficparis.pickle;fr.corenting.traficparis;instruction;None;None;None
2021-07-15 08:59:55.852468;25.7397961617;instrument_apk;
2021-07-15 09:17:36.056455;1.39030003548;instrument_smali_code;/home/tbg/acvtool/acvtool_working_dir/apktool/dev.pesic.rpncalc/smali;/home/tbg/acvtool/acvtool_working_dir/metadata/rpncalc.pickle;dev.pesic.rpncalc;instruction;None;None;None
2021-07-15 09:17:48.065112;18.6332521439;instrument_apk;
2021-07-15 09:34:02.423612;1.36356902122;instrument_smali_code;/home/tbg/acvtool/acvtool_working_dir/apktool/dev.pesic.rpncalc/smali;/home/tbg/acvtool/acvtool_working_dir/metadata/rpncalc.pickle;dev.pesic.rpncalc;instruction;None;None;None
2021-07-15 09:34:14.490926;19.8704280853;instrument_apk;
2021-07-15 09:57:49.167418;1.6536488533;instrument_smali_code;/home/tbg/acvtool/acvtool_working_dir/apktool/dev.pesic.rpncalc/smali;/home/tbg/acvtool/acvtool_working_dir/metadata/rpncalc.pickle;dev.pesic.rpncalc;instruction;None;None;None
2021-07-15 09:58:05.796359;27.7284178734;instrument_apk;
2021-07-15 10:15:19.179305;0.847882032394;instrument_smali_code;/home/tbg/acvtool/acvtool_working_dir/apktool/dev.pesic.rpncalc/smali;/home/tbg/acvtool/acvtool_working_dir/metadata/rpncalc.pickle;dev.pesic.rpncalc;instruction;None;None;None
2021-07-15 10:15:27.870261;14.1545379162;instrument_apk;
2021-07-15 10:32:57.641139;1.64763402939;instrument_smali_code;/home/tbg/acvtool/acvtool_working_dir/apktool/dev.pesic.rpncalc/smali;/home/tbg/acvtool/acvtool_working_dir/metadata/rpncalc.pickle;dev.pesic.rpncalc;instruction;None;None;None
2021-07-15 10:33:11.370688;24.6058700085;instrument_apk;
2021-07-15 10:53:50.628384;1.74635887146;instrument_smali_code;/home/tbg/acvtool/acvtool_working_dir/apktool/dev.pesic.rpncalc/smali;/home/tbg/acvtool/acvtool_working_dir/metadata/rpncalc.pickle;dev.pesic.rpncalc;instruction;None;None;None
2021-07-15 10:54:09.144126;28.3455610275;instrument_apk;
2021-07-15 11:43:26.108511;28.890969038;instrument_smali_code;/home/tbg/acvtool/acvtool_working_dir/apktool/com.easyfitness/smali;/home/tbg/acvtool/acvtool_working_dir/metadata/easyfitness.pickle;com.easyfitness;instruction;None;None;None
2021-07-15 11:43:47.138714;61.2101559639;instrument_apk;
2021-07-15 12:03:00.642423;37.234181881;instrument_smali_code;/home/tbg/acvtool/acvtool_working_dir/apktool/com.easyfitness/smali;/home/tbg/acvtool/acvtool_working_dir/metadata/easyfitness.pickle;com.easyfitness;instruction;None;None;None
2021-07-15 12:03:30.206173;80.7621040344;instrument_apk;
2021-07-15 15:50:11.122794;29.2082438469;instrument_smali_code;/home/tbg/acvtool/acvtool_working_dir/apktool/com.easyfitness/smali;/home/tbg/acvtool/acvtool_working_dir/metadata/easyfitness.pickle;com.easyfitness;instruction;None;None;None
2021-07-15 15:50:39.864688;71.2664198875;instrument_apk;
2021-07-15 16:11:25.832051;19.8898470402;instrument_smali_code;/home/tbg/acvtool/acvtool_working_dir/apktool/com.easyfitness/smali;/home/tbg/acvtool/acvtool_working_dir/metadata/easyfitness.pickle;com.easyfitness;instruction;None;None;None
2021-07-15 16:11:43.952535;44.7539360523;instrument_apk;
2021-07-15 16:35:57.020078;28.8893711567;instrument_smali_code;/home/tbg/acvtool/acvtool_working_dir/apktool/com.easyfitness/smali;/home/tbg/acvtool/acvtool_working_dir/metadata/easyfitness.pickle;com.easyfitness;instruction;None;None;None
2021-07-15 16:36:18.737447;64.1679821014;instrument_apk;
2021-07-15 16:57:20.794797;32.6272370815;instrument_smali_code;/home/tbg/acvtool/acvtool_working_dir/apktool/com.easyfitness/smali;/home/tbg/acvtool/acvtool_working_dir/metadata/easyfitness.pickle;com.easyfitness;instruction;None;None;None
2021-07-15 16:58:02.149535;85.9251968861;instrument_apk;
2021-07-15 17:40:58.185339;18.653277874;instrument_smali_code;/home/tbg/acvtool/acvtool_working_dir/apktool/org.scoutant.blokish/smali;/home/tbg/acvtool/acvtool_working_dir/metadata/blokish.pickle;org.scoutant.blokish;instruction;None;None;None
2021-07-15 17:41:24.461781;55.7750740051;instrument_apk;
2021-07-15 17:57:56.776814;21.8166730404;instrument_smali_code;/home/tbg/acvtool/acvtool_working_dir/apktool/org.scoutant.blokish/smali;/home/tbg/acvtool/acvtool_working_dir/metadata/blokish.pickle;org.scoutant.blokish;instruction;None;None;None
2021-07-15 17:58:26.373459;61.8711988926;instrument_apk;
2021-07-15 18:05:19.163743;23.0512361526;instrument_smali_code;/home/tbg/acvtool/acvtool_working_dir/apktool/org.scoutant.blokish/smali;/home/tbg/acvtool/acvtool_working_dir/metadata/blokish.pickle;org.scoutant.blokish;instruction;None;None;None
2021-07-15 18:06:06.853749;83.5598618984;instrument_apk;
2021-07-15 18:18:30.296608;20.4877810478;instrument_smali_code;/home/tbg/acvtool/acvtool_working_dir/apktool/org.scoutant.blokish/smali;/home/tbg/acvtool/acvtool_working_dir/metadata/blokish.pickle;org.scoutant.blokish;instruction;None;None;None
2021-07-15 18:18:59.251620;65.9136469364;instrument_apk;
2021-07-15 18:29:27.783160;18.4525270462;instrument_smali_code;/home/tbg/acvtool/acvtool_working_dir/apktool/org.scoutant.blokish/smali;/home/tbg/acvtool/acvtool_working_dir/metadata/blokish.pickle;org.scoutant.blokish;instruction;None;None;None
2021-07-15 18:29:49.120170;51.1389789581;instrument_apk;
2021-07-16 13:55:56.526999;16.2477450371;instrument_smali_code;/home/tbg/acvtool/acvtool_working_dir/apktool/org.scoutant.blokish/smali;/home/tbg/acvtool/acvtool_working_dir/metadata/blokish.pickle;org.scoutant.blokish;instruction;None;None;None
2021-07-16 13:56:13.924444;42.6433870792;instrument_apk;
2021-07-16 13:59:52.600247;18.1903381348;instrument_smali_code;/home/tbg/acvtool/acvtool_working_dir/apktool/org.scoutant.blokish/smali;/home/tbg/acvtool/acvtool_working_dir/metadata/blokish.pickle;org.scoutant.blokish;instruction;None;None;None
2021-07-16 14:00:08.479586;44.4512529373;instrument_apk;
2021-07-16 14:17:50.898282;18.3463788033;instrument_smali_code;/home/tbg/acvtool/acvtool_working_dir/apktool/org.scoutant.blokish/smali;/home/tbg/acvtool/acvtool_working_dir/metadata/blokish.pickle;org.scoutant.blokish;instruction;None;None;None
2021-07-16 14:18:11.142517;51.5832631588;instrument_apk;
2021-07-16 14:49:11.405253;22.6038689613;instrument_smali_code;/home/tbg/acvtool/acvtool_working_dir/apktool/org.scoutant.blokish/smali;/home/tbg/acvtool/acvtool_working_dir/metadata/blokish.pickle;org.scoutant.blokish;instruction;None;None;None
2021-07-16 14:49:38.532065;65.8769431114;instrument_apk;
2021-07-16 15:16:51.724920;21.2427771091;instrument_smali_code;/home/tbg/acvtool/acvtool_working_dir/apktool/org.scoutant.blokish/smali;/home/tbg/acvtool/acvtool_working_dir/metadata/blokish.pickle;org.scoutant.blokish;instruction;None;None;None
2021-07-16 15:17:20.393352;61.8278138638;instrument_apk;
2021-07-16 15:36:47.333181;18.3410010338;instrument_smali_code;/home/tbg/acvtool/acvtool_working_dir/apktool/org.scoutant.blokish/smali;/home/tbg/acvtool/acvtool_working_dir/metadata/blokish.pickle;org.scoutant.blokish;instruction;None;None;None
2021-07-16 15:37:17.145470;58.8098199368;instrument_apk;
2021-07-16 15:54:34.753803;2.53067612648;instrument_smali_code;/home/tbg/acvtool/acvtool_working_dir/apktool/org.billthefarmer.currency/smali;/home/tbg/acvtool/acvtool_working_dir/metadata/billthefarmercurrency.pickle;org.billthefarmer.currency;instruction;None;None;None
2021-07-16 15:54:42.957759;22.9035260677;instrument_apk;
2021-07-16 16:10:26.846736;3.04267287254;instrument_smali_code;/home/tbg/acvtool/acvtool_working_dir/apktool/org.billthefarmer.currency/smali;/home/tbg/acvtool/acvtool_working_dir/metadata/billthefarmercurrency.pickle;org.billthefarmer.currency;instruction;None;None;None
2021-07-16 16:10:33.870762;19.9346408844;instrument_apk;
2021-07-16 16:25:19.519398;2.22080898285;instrument_smali_code;/home/tbg/acvtool/acvtool_working_dir/apktool/org.billthefarmer.currency/smali;/home/tbg/acvtool/acvtool_working_dir/metadata/billthefarmercurrency.pickle;org.billthefarmer.currency;instruction;None;None;None
2021-07-16 16:25:27.257088;17.5181131363;instrument_apk;
2021-07-16 16:38:15.344383;1.93492603302;instrument_smali_code;/home/tbg/acvtool/acvtool_working_dir/apktool/org.billthefarmer.currency/smali;/home/tbg/acvtool/acvtool_working_dir/metadata/billthefarmercurrency.pickle;org.billthefarmer.currency;instruction;None;None;None
2021-07-16 16:38:22.652862;16.8177850246;instrument_apk;
2021-07-16 16:53:58.735606;2.09827113152;instrument_smali_code;/home/tbg/acvtool/acvtool_working_dir/apktool/org.billthefarmer.currency/smali;/home/tbg/acvtool/acvtool_working_dir/metadata/billthefarmercurrency.pickle;org.billthefarmer.currency;instruction;None;None;None
2021-07-16 16:54:06.363871;16.7644188404;instrument_apk;
2021-07-16 17:09:44.486309;1.38619399071;instrument_smali_code;/home/tbg/acvtool/acvtool_working_dir/apktool/org.billthefarmer.currency/smali;/home/tbg/acvtool/acvtool_working_dir/metadata/billthefarmercurrency.pickle;org.billthefarmer.currency;instruction;None;None;None
2021-07-16 17:09:51.581727;16.6575920582;instrument_apk;
2021-07-16 17:29:56.962600;17.7009181976;instrument_smali_code;/home/tbg/acvtool/acvtool_working_dir/apktool/fr.corenting.traficparis/smali;/home/tbg/acvtool/acvtool_working_dir/metadata/traficparis.pickle;fr.corenting.traficparis;instruction;None;None;None
2021-07-16 17:30:23.203928;53.905903101;instrument_apk;
2021-07-16 18:06:22.594200;16.1927540302;instrument_smali_code;/home/tbg/acvtool/acvtool_working_dir/apktool/fr.corenting.traficparis/smali;/home/tbg/acvtool/acvtool_working_dir/metadata/traficparis.pickle;fr.corenting.traficparis;instruction;None;None;None
2021-07-16 18:06:39.468969;45.3716840744;instrument_apk;
2021-07-16 18:26:18.672072;15.2219679356;instrument_smali_code;/home/tbg/acvtool/acvtool_working_dir/apktool/fr.corenting.traficparis/smali;/home/tbg/acvtool/acvtool_working_dir/metadata/traficparis.pickle;fr.corenting.traficparis;instruction;None;None;None
2021-07-16 18:26:35.186405;40.974257946;instrument_apk;
2021-07-16 18:44:55.658063;16.7131719589;instrument_smali_code;/home/tbg/acvtool/acvtool_working_dir/apktool/fr.corenting.traficparis/smali;/home/tbg/acvtool/acvtool_working_dir/metadata/traficparis.pickle;fr.corenting.traficparis;instruction;None;None;None
2021-07-16 18:45:12.008970;44.0140259266;instrument_apk;
2021-07-16 19:00:46.502807;13.1300420761;instrument_smali_code;/home/tbg/acvtool/acvtool_working_dir/apktool/fr.corenting.traficparis/smali;/home/tbg/acvtool/acvtool_working_dir/metadata/traficparis.pickle;fr.corenting.traficparis;instruction;None;None;None
2021-07-16 19:01:01.266048;37.1636440754;instrument_apk;
2021-07-17 08:20:00.394467;1.06319880486;instrument_smali_code;/home/tbg/acvtool/acvtool_working_dir/apktool/dev.pesic.rpncalc/smali;/home/tbg/acvtool/acvtool_working_dir/metadata/rpncalc.pickle;dev.pesic.rpncalc;instruction;None;None;None
2021-07-17 08:20:09.221203;14.4200520515;instrument_apk;
2021-07-17 08:57:35.728307;0.884644031525;instrument_smali_code;/home/tbg/acvtool/acvtool_working_dir/apktool/dev.pesic.rpncalc/smali;/home/tbg/acvtool/acvtool_working_dir/metadata/rpncalc.pickle;dev.pesic.rpncalc;instruction;None;None;None
2021-07-17 08:57:44.798743;13.2699670792;instrument_apk;
2021-07-17 09:14:50.013379;1.22265005112;instrument_smali_code;/home/tbg/acvtool/acvtool_working_dir/apktool/dev.pesic.rpncalc/smali;/home/tbg/acvtool/acvtool_working_dir/metadata/rpncalc.pickle;dev.pesic.rpncalc;instruction;None;None;None
2021-07-17 09:15:00.480442;15.4048810005;instrument_apk;
2021-07-17 09:38:08.940766;1.10118198395;instrument_smali_code;/home/tbg/acvtool/acvtool_working_dir/apktool/dev.pesic.rpncalc/smali;/home/tbg/acvtool/acvtool_working_dir/metadata/rpncalc.pickle;dev.pesic.rpncalc;instruction;None;None;None
2021-07-17 09:38:19.642136;15.4177789688;instrument_apk;
2021-07-17 09:59:05.270421;0.968154191971;instrument_smali_code;/home/tbg/acvtool/acvtool_working_dir/apktool/dev.pesic.rpncalc/smali;/home/tbg/acvtool/acvtool_working_dir/metadata/rpncalc.pickle;dev.pesic.rpncalc;instruction;None;None;None
2021-07-17 09:59:15.179072;14.1987099648;instrument_apk;
2021-07-17 10:15:37.886237;26.3138599396;instrument_smali_code;/home/tbg/acvtool/acvtool_working_dir/apktool/com.easyfitness/smali;/home/tbg/acvtool/acvtool_working_dir/metadata/easyfitness.pickle;com.easyfitness;instruction;None;None;None
2021-07-17 10:15:58.471183;60.07315588;instrument_apk;
2021-07-17 10:35:22.960892;34.8370299339;instrument_smali_code;/home/tbg/acvtool/acvtool_working_dir/apktool/com.easyfitness/smali;/home/tbg/acvtool/acvtool_working_dir/metadata/easyfitness.pickle;com.easyfitness;instruction;None;None;None
2021-07-17 10:35:54.411743;81.0905458927;instrument_apk;
2021-07-17 10:58:07.322665;32.3355829716;instrument_smali_code;/home/tbg/acvtool/acvtool_working_dir/apktool/com.easyfitness/smali;/home/tbg/acvtool/acvtool_working_dir/metadata/easyfitness.pickle;com.easyfitness;instruction;None;None;None
2021-07-17 10:58:36.248565;76.123196125;instrument_apk;
2021-07-17 11:37:53.828331;38.9209120274;instrument_smali_code;/home/tbg/acvtool/acvtool_working_dir/apktool/com.easyfitness/smali;/home/tbg/acvtool/acvtool_working_dir/metadata/easyfitness.pickle;com.easyfitness;instruction;None;None;None
2021-07-17 11:38:22.472957;79.555467844;instrument_apk;
2021-07-17 11:57:17.579149;25.3007259369;instrument_smali_code;/home/tbg/acvtool/acvtool_working_dir/apktool/com.easyfitness/smali;/home/tbg/acvtool/acvtool_working_dir/metadata/easyfitness.pickle;com.easyfitness;instruction;None;None;None
2021-07-17 11:57:37.804257;55.4889140129;instrument_apk;
2021-07-17 14:27:35.130089;20.7541511059;instrument_smali_code;/home/tbg/acvtool/acvtool_working_dir/apktool/com.easyfitness/smali;/home/tbg/acvtool/acvtool_working_dir/metadata/easyfitness.pickle;com.easyfitness;instruction;None;None;None
2021-07-17 14:27:52.490902;43.7390489578;instrument_apk;
2021-07-17 15:10:32.849228;11.5703880787;instrument_smali_code;/home/tbg/acvtool/acvtool_working_dir/apktool/org.scoutant.blokish/smali;/home/tbg/acvtool/acvtool_working_dir/metadata/blokish.pickle;org.scoutant.blokish;instruction;None;None;None
2021-07-17 15:10:44.065401;29.8139910698;instrument_apk;
2021-07-17 15:27:15.287420;13.2645561695;instrument_smali_code;/home/tbg/acvtool/acvtool_working_dir/apktool/org.scoutant.blokish/smali;/home/tbg/acvtool/acvtool_working_dir/metadata/blokish.pickle;org.scoutant.blokish;instruction;None;None;None
2021-07-17 15:27:26.676634;31.0852298737;instrument_apk;
2021-07-17 15:44:56.777384;17.7612769604;instrument_smali_code;/home/tbg/acvtool/acvtool_working_dir/apktool/org.scoutant.blokish/smali;/home/tbg/acvtool/acvtool_working_dir/metadata/blokish.pickle;org.scoutant.blokish;instruction;None;None;None
2021-07-17 15:45:16.975443;51.556563139;instrument_apk;
2021-07-17 16:00:32.838835;22.2299838066;instrument_smali_code;/home/tbg/acvtool/acvtool_working_dir/apktool/org.scoutant.blokish/smali;/home/tbg/acvtool/acvtool_working_dir/metadata/blokish.pickle;org.scoutant.blokish;instruction;None;None;None
2021-07-17 16:01:03.543944;68.5732820034;instrument_apk;
2021-07-17 16:21:27.370270;23.5411958694;instrument_smali_code;/home/tbg/acvtool/acvtool_working_dir/apktool/org.scoutant.blokish/smali;/home/tbg/acvtool/acvtool_working_dir/metadata/blokish.pickle;org.scoutant.blokish;instruction;None;None;None
2021-07-17 16:22:02.968922;75.8918991089;instrument_apk;
2021-07-17 16:37:20.513783;3.41243195534;instrument_smali_code;/home/tbg/acvtool/acvtool_working_dir/apktool/org.billthefarmer.currency/smali;/home/tbg/acvtool/acvtool_working_dir/metadata/billthefarmercurrency.pickle;org.billthefarmer.currency;instruction;None;None;None
2021-07-17 16:37:30.055018;28.2556610107;instrument_apk;
2021-07-17 16:59:25.894542;2.58216381073;instrument_smali_code;/home/tbg/acvtool/acvtool_working_dir/apktool/org.billthefarmer.currency/smali;/home/tbg/acvtool/acvtool_working_dir/metadata/billthefarmercurrency.pickle;org.billthefarmer.currency;instruction;None;None;None
2021-07-17 16:59:34.254075;19.0251419544;instrument_apk;
2021-07-17 17:25:04.552054;1.75649595261;instrument_smali_code;/home/tbg/acvtool/acvtool_working_dir/apktool/org.billthefarmer.currency/smali;/home/tbg/acvtool/acvtool_working_dir/metadata/billthefarmercurrency.pickle;org.billthefarmer.currency;instruction;None;None;None
2021-07-17 17:25:09.688026;15.0658988953;instrument_apk;
2021-07-17 17:38:45.139682;1.77812385559;instrument_smali_code;/home/tbg/acvtool/acvtool_working_dir/apktool/org.billthefarmer.currency/smali;/home/tbg/acvtool/acvtool_working_dir/metadata/billthefarmercurrency.pickle;org.billthefarmer.currency;instruction;None;None;None
2021-07-17 17:38:50.401784;13.4706897736;instrument_apk;
2021-07-17 18:13:00.169833;1.13408184052;instrument_smali_code;/home/tbg/acvtool/acvtool_working_dir/apktool/org.billthefarmer.currency/smali;/home/tbg/acvtool/acvtool_working_dir/metadata/billthefarmercurrency.pickle;org.billthefarmer.currency;instruction;None;None;None
2021-07-17 18:13:03.129914;6.91291308403;instrument_apk;
2021-07-17 18:33:16.739303;12.9961709976;instrument_smali_code;/home/tbg/acvtool/acvtool_working_dir/apktool/fr.corenting.traficparis/smali;/home/tbg/acvtool/acvtool_working_dir/metadata/traficparis.pickle;fr.corenting.traficparis;instruction;None;None;None
2021-07-17 18:33:29.028685;32.2210831642;instrument_apk;
2021-07-17 19:05:57.350084;13.6347708702;instrument_smali_code;/home/tbg/acvtool/acvtool_working_dir/apktool/fr.corenting.traficparis/smali;/home/tbg/acvtool/acvtool_working_dir/metadata/traficparis.pickle;fr.corenting.traficparis;instruction;None;None;None
2021-07-17 19:06:13.908471;39.9840190411;instrument_apk;
2021-07-17 19:43:10.722392;25.9287919998;instrument_smali_code;/home/tbg/acvtool/acvtool_working_dir/apktool/fr.corenting.traficparis/smali;/home/tbg/acvtool/acvtool_working_dir/metadata/traficparis.pickle;fr.corenting.traficparis;instruction;None;None;None
2021-07-17 19:43:38.078489;74.139786005;instrument_apk;
2021-07-17 20:04:17.397326;18.727285862;instrument_smali_code;/home/tbg/acvtool/acvtool_working_dir/apktool/fr.corenting.traficparis/smali;/home/tbg/acvtool/acvtool_working_dir/metadata/traficparis.pickle;fr.corenting.traficparis;instruction;None;None;None
2021-07-17 20:04:36.748370;51.9806609154;instrument_apk;
2021-07-17 20:22:46.384032;10.9551122189;instrument_smali_code;/home/tbg/acvtool/acvtool_working_dir/apktool/fr.corenting.traficparis/smali;/home/tbg/acvtool/acvtool_working_dir/metadata/traficparis.pickle;fr.corenting.traficparis;instruction;None;None;None
2021-07-17 20:23:03.579351;35.3755059242;instrument_apk;
2021-07-17 20:39:56.086050;3.135379076;instrument_smali_code;/home/tbg/acvtool/acvtool_working_dir/apktool/dev.pesic.rpncalc/smali;/home/tbg/acvtool/acvtool_working_dir/metadata/rpncalc.pickle;dev.pesic.rpncalc;instruction;None;None;None
2021-07-17 20:40:15.949308;37.5195329189;instrument_apk;
2021-07-17 20:57:05.273601;0.909518003464;instrument_smali_code;/home/tbg/acvtool/acvtool_working_dir/apktool/dev.pesic.rpncalc/smali;/home/tbg/acvtool/acvtool_working_dir/metadata/rpncalc.pickle;dev.pesic.rpncalc;instruction;None;None;None
2021-07-17 20:57:13.248245;12.4102180004;instrument_apk;
2021-07-17 21:25:27.584366;2.78268313408;instrument_smali_code;/home/tbg/acvtool/acvtool_working_dir/apktool/dev.pesic.rpncalc/smali;/home/tbg/acvtool/acvtool_working_dir/metadata/rpncalc.pickle;dev.pesic.rpncalc;instruction;None;None;None
2021-07-17 21:25:53.180454;45.3619430065;instrument_apk;
2021-07-17 21:48:19.720282;0.821357011795;instrument_smali_code;/home/tbg/acvtool/acvtool_working_dir/apktool/dev.pesic.rpncalc/smali;/home/tbg/acvtool/acvtool_working_dir/metadata/rpncalc.pickle;dev.pesic.rpncalc;instruction;None;None;None
2021-07-17 21:48:27.322039;13.4443778992;instrument_apk;
2021-07-17 22:03:18.121827;0.930868864059;instrument_smali_code;/home/tbg/acvtool/acvtool_working_dir/apktool/dev.pesic.rpncalc/smali;/home/tbg/acvtool/acvtool_working_dir/metadata/rpncalc.pickle;dev.pesic.rpncalc;instruction;None;None;None
2021-07-17 22:03:29.654135;17.4035270214;instrument_apk;
2021-07-17 22:19:11.809989;26.7786769867;instrument_smali_code;/home/tbg/acvtool/acvtool_working_dir/apktool/com.easyfitness/smali;/home/tbg/acvtool/acvtool_working_dir/metadata/easyfitness.pickle;com.easyfitness;instruction;None;None;None
2021-07-17 22:19:33.950779;54.3416500092;instrument_apk;
2021-07-17 22:34:45.844985;34.3769769669;instrument_smali_code;/home/tbg/acvtool/acvtool_working_dir/apktool/com.easyfitness/smali;/home/tbg/acvtool/acvtool_working_dir/metadata/easyfitness.pickle;com.easyfitness;instruction;None;None;None
2021-07-17 22:35:10.143942;71.451130867;instrument_apk;
2021-07-17 23:00:51.994181;37.0345830917;instrument_smali_code;/home/tbg/acvtool/acvtool_working_dir/apktool/com.easyfitness/smali;/home/tbg/acvtool/acvtool_working_dir/metadata/easyfitness.pickle;com.easyfitness;instruction;None;None;None
2021-07-17 23:01:23.640725;82.7746388912;instrument_apk;
2021-07-17 23:22:18.692985;35.9125959873;instrument_smali_code;/home/tbg/acvtool/acvtool_working_dir/apktool/com.easyfitness/smali;/home/tbg/acvtool/acvtool_working_dir/metadata/easyfitness.pickle;com.easyfitness;instruction;None;None;None
2021-07-17 23:22:47.179926;83.6513779163;instrument_apk;
2021-07-17 23:41:16.077956;39.683806181;instrument_smali_code;/home/tbg/acvtool/acvtool_working_dir/apktool/com.easyfitness/smali;/home/tbg/acvtool/acvtool_working_dir/metadata/easyfitness.pickle;com.easyfitness;instruction;None;None;None
2021-07-17 23:41:46.168307;84.9611210823;instrument_apk;
2021-07-24 22:44:26.817822;15.7829320431;instrument_smali_code;/home/tbg/acvtool/acvtool_working_dir/apktool/org.scoutant.blokish/smali;/home/tbg/acvtool/acvtool_working_dir/metadata/blokish.pickle;org.scoutant.blokish;instruction;None;None;None
2021-07-24 22:44:47.504834;51.9974291325;instrument_apk;
2021-07-24 23:13:04.439436;19.4809858799;instrument_smali_code;/home/tbg/acvtool/acvtool_working_dir/apktool/org.scoutant.blokish/smali;/home/tbg/acvtool/acvtool_working_dir/metadata/blokish.pickle;org.scoutant.blokish;instruction;None;None;None
2021-07-24 23:13:26.590460;58.5323569775;instrument_apk;
2021-07-24 23:49:15.076967;20.737210989;instrument_smali_code;/home/tbg/acvtool/acvtool_working_dir/apktool/org.scoutant.blokish/smali;/home/tbg/acvtool/acvtool_working_dir/metadata/blokish.pickle;org.scoutant.blokish;instruction;None;None;None
2021-07-24 23:49:51.566268;73.1145339012;instrument_apk;
2021-07-25 00:05:59.664528;15.6098330021;instrument_smali_code;/home/tbg/acvtool/acvtool_working_dir/apktool/org.scoutant.blokish/smali;/home/tbg/acvtool/acvtool_working_dir/metadata/blokish.pickle;org.scoutant.blokish;instruction;None;None;None
2021-07-25 00:06:12.759877;38.2662529945;instrument_apk;
2021-07-25 00:31:58.189841;16.7850291729;instrument_smali_code;/home/tbg/acvtool/acvtool_working_dir/apktool/org.scoutant.blokish/smali;/home/tbg/acvtool/acvtool_working_dir/metadata/blokish.pickle;org.scoutant.blokish;instruction;None;None;None
2021-07-25 00:32:17.725414;45.691942215;instrument_apk;
2021-07-25 00:48:59.352784;2.30968093872;instrument_smali_code;/home/tbg/acvtool/acvtool_working_dir/apktool/org.billthefarmer.currency/smali;/home/tbg/acvtool/acvtool_working_dir/metadata/billthefarmercurrency.pickle;org.billthefarmer.currency;instruction;None;None;None
2021-07-25 00:49:06.155540;20.681841135;instrument_apk;
2021-07-25 01:02:14.444787;4.56706404686;instrument_smali_code;/home/tbg/acvtool/acvtool_working_dir/apktool/org.billthefarmer.currency/smali;/home/tbg/acvtool/acvtool_working_dir/metadata/billthefarmercurrency.pickle;org.billthefarmer.currency;instruction;None;None;None
2021-07-25 01:02:22.417369;24.5994920731;instrument_apk;
2021-07-25 01:32:55.790854;2.49391102791;instrument_smali_code;/home/tbg/acvtool/acvtool_working_dir/apktool/org.billthefarmer.currency/smali;/home/tbg/acvtool/acvtool_working_dir/metadata/billthefarmercurrency.pickle;org.billthefarmer.currency;instruction;None;None;None
2021-07-25 01:33:02.511861;20.084913969;instrument_apk;
2021-07-25 02:07:58.958963;1.98362517357;instrument_smali_code;/home/tbg/acvtool/acvtool_working_dir/apktool/org.billthefarmer.currency/smali;/home/tbg/acvtool/acvtool_working_dir/metadata/billthefarmercurrency.pickle;org.billthefarmer.currency;instruction;None;None;None
2021-07-25 02:08:05.921317;17.7783298492;instrument_apk;
2021-07-25 02:35:16.803111;2.28367996216;instrument_smali_code;/home/tbg/acvtool/acvtool_working_dir/apktool/org.billthefarmer.currency/smali;/home/tbg/acvtool/acvtool_working_dir/metadata/billthefarmercurrency.pickle;org.billthefarmer.currency;instruction;None;None;None
2021-07-25 02:35:24.384495;20.040407896;instrument_apk;
2021-07-25 11:17:25.648857;96.2024469376;instrument_smali_code;/home/tbg/acvtool/acvtool_working_dir/apktool/fr.corenting.traficparis/smali;/home/tbg/acvtool/acvtool_working_dir/metadata/traficparis.pickle;fr.corenting.traficparis;instruction;None;None;None
2021-07-25 11:19:23.528691;263.732146978;instrument_apk;
2021-07-25 11:34:53.134001;16.152012825;instrument_smali_code;/home/tbg/acvtool/acvtool_working_dir/apktool/org.billthefarmer.currency/smali;/home/tbg/acvtool/acvtool_working_dir/metadata/billthefarmercurrency.pickle;org.billthefarmer.currency;instruction;None;None;None
2021-07-25 11:35:26.352001;87.9721999168;instrument_apk;
2021-07-25 11:43:15.646426;92.8063399792;instrument_smali_code;/home/tbg/acvtool/acvtool_working_dir/apktool/fr.corenting.traficparis/smali;/home/tbg/acvtool/acvtool_working_dir/metadata/traficparis.pickle;fr.corenting.traficparis;instruction;None;None;None
2021-07-25 12:16:29.719061;10.3883740902;instrument_smali_code;/home/tbg/acvtool/acvtool_working_dir/apktool/fr.corenting.traficparis/smali;/home/tbg/acvtool/acvtool_working_dir/metadata/traficparis.pickle;fr.corenting.traficparis;instruction;None;None;None
2021-07-25 12:16:41.025776;29.4643809795;instrument_apk;
2021-07-25 12:53:56.348915;17.9120161533;instrument_smali_code;/home/tbg/acvtool/acvtool_working_dir/apktool/fr.corenting.traficparis/smali;/home/tbg/acvtool/acvtool_working_dir/metadata/traficparis.pickle;fr.corenting.traficparis;instruction;None;None;None
2021-07-25 12:54:24.261338;59.954914093;instrument_apk;
2021-07-25 13:12:57.009599;12.0384328365;instrument_smali_code;/home/tbg/acvtool/acvtool_working_dir/apktool/fr.corenting.traficparis/smali;/home/tbg/acvtool/acvtool_working_dir/metadata/traficparis.pickle;fr.corenting.traficparis;instruction;None;None;None
2021-07-25 13:13:11.541975;33.8434069157;instrument_apk;
2021-07-25 13:30:48.127614;11.3031539917;instrument_smali_code;/home/tbg/acvtool/acvtool_working_dir/apktool/fr.corenting.traficparis/smali;/home/tbg/acvtool/acvtool_working_dir/metadata/traficparis.pickle;fr.corenting.traficparis;instruction;None;None;None
2021-07-25 13:31:05.831867;34.4278690815;instrument_apk;
2021-07-25 13:47:02.522573;11.1250879765;instrument_smali_code;/home/tbg/acvtool/acvtool_working_dir/apktool/fr.corenting.traficparis/smali;/home/tbg/acvtool/acvtool_working_dir/metadata/traficparis.pickle;fr.corenting.traficparis;instruction;None;None;None
2021-07-25 13:47:13.041430;26.5714957714;instrument_apk;
2021-07-25 14:10:45.238416;0.988426208496;instrument_smali_code;/home/tbg/acvtool/acvtool_working_dir/apktool/dev.pesic.rpncalc/smali;/home/tbg/acvtool/acvtool_working_dir/metadata/rpncalc.pickle;dev.pesic.rpncalc;instruction;None;None;None
2021-07-25 14:10:56.568861;16.4455139637;instrument_apk;
2021-07-25 14:28:23.466445;1.68097496033;instrument_smali_code;/home/tbg/acvtool/acvtool_working_dir/apktool/dev.pesic.rpncalc/smali;/home/tbg/acvtool/acvtool_working_dir/metadata/rpncalc.pickle;dev.pesic.rpncalc;instruction;None;None;None
2021-07-25 14:28:39.954238;31.3697779179;instrument_apk;
2021-07-25 14:59:05.886558;1.89257097244;instrument_smali_code;/home/tbg/acvtool/acvtool_working_dir/apktool/dev.pesic.rpncalc/smali;/home/tbg/acvtool/acvtool_working_dir/metadata/rpncalc.pickle;dev.pesic.rpncalc;instruction;None;None;None
2021-07-25 14:59:23.289171;31.1338639259;instrument_apk;
2021-07-25 15:25:00.034422;2.91510081291;instrument_smali_code;/home/tbg/acvtool/acvtool_working_dir/apktool/dev.pesic.rpncalc/smali;/home/tbg/acvtool/acvtool_working_dir/metadata/rpncalc.pickle;dev.pesic.rpncalc;instruction;None;None;None
2021-07-25 15:25:12.414439;24.2393360138;instrument_apk;
2021-07-25 15:40:51.790072;1.17078900337;instrument_smali_code;/home/tbg/acvtool/acvtool_working_dir/apktool/dev.pesic.rpncalc/smali;/home/tbg/acvtool/acvtool_working_dir/metadata/rpncalc.pickle;dev.pesic.rpncalc;instruction;None;None;None
2021-07-25 15:41:03.388940;18.586523056;instrument_apk;
2021-07-25 19:50:08.857045;23.2607820034;instrument_smali_code;/home/tbg/acvtool/acvtool_working_dir/apktool/com.easyfitness/smali;/home/tbg/acvtool/acvtool_working_dir/metadata/easyfitness.pickle;com.easyfitness;instruction;None;None;None
2021-07-25 19:50:30.631204;57.5146930218;instrument_apk;
2021-07-25 20:20:37.861088;30.1194651127;instrument_smali_code;/home/tbg/acvtool/acvtool_working_dir/apktool/com.easyfitness/smali;/home/tbg/acvtool/acvtool_working_dir/metadata/easyfitness.pickle;com.easyfitness;instruction;None;None;None
2021-07-25 20:21:05.889899;69.6036019325;instrument_apk;
2021-07-25 20:40:42.078938;30.4427371025;instrument_smali_code;/home/tbg/acvtool/acvtool_working_dir/apktool/com.easyfitness/smali;/home/tbg/acvtool/acvtool_working_dir/metadata/easyfitness.pickle;com.easyfitness;instruction;None;None;None
2021-07-25 20:41:22.991081;86.3618590832;instrument_apk;
2021-07-25 21:08:41.762447;30.2641890049;instrument_smali_code;/home/tbg/acvtool/acvtool_working_dir/apktool/com.easyfitness/smali;/home/tbg/acvtool/acvtool_working_dir/metadata/easyfitness.pickle;com.easyfitness;instruction;None;None;None
2021-07-25 21:09:08.882842;70.2624239922;instrument_apk;
2021-07-25 21:34:26.278717;24.2664170265;instrument_smali_code;/home/tbg/acvtool/acvtool_working_dir/apktool/com.easyfitness/smali;/home/tbg/acvtool/acvtool_working_dir/metadata/easyfitness.pickle;com.easyfitness;instruction;None;None;None
2021-07-25 21:34:46.442447;54.0908880234;instrument_apk;
2021-07-25 21:50:52.603037;12.6884241104;instrument_smali_code;/home/tbg/acvtool/acvtool_working_dir/apktool/org.scoutant.blokish/smali;/home/tbg/acvtool/acvtool_working_dir/metadata/blokish.pickle;org.scoutant.blokish;instruction;None;None;None
2021-07-25 21:51:06.313632;35.5979440212;instrument_apk;
2021-07-25 22:11:43.938708;22.0629589558;instrument_smali_code;/home/tbg/acvtool/acvtool_working_dir/apktool/org.scoutant.blokish/smali;/home/tbg/acvtool/acvtool_working_dir/metadata/blokish.pickle;org.scoutant.blokish;instruction;None;None;None
2021-07-25 22:12:11.354847;69.0682079792;instrument_apk;
2021-07-25 22:32:32.847854;23.396009922;instrument_smali_code;/home/tbg/acvtool/acvtool_working_dir/apktool/org.scoutant.blokish/smali;/home/tbg/acvtool/acvtool_working_dir/metadata/blokish.pickle;org.scoutant.blokish;instruction;None;None;None
2021-07-25 22:33:12.272809;80.8448958397;instrument_apk;
2021-07-25 22:51:27.259237;23.1545209885;instrument_smali_code;/home/tbg/acvtool/acvtool_working_dir/apktool/org.scoutant.blokish/smali;/home/tbg/acvtool/acvtool_working_dir/metadata/blokish.pickle;org.scoutant.blokish;instruction;None;None;None
2021-07-25 22:51:51.879773;67.3453950882;instrument_apk;
2021-07-25 23:18:19.572636;13.0154869556;instrument_smali_code;/home/tbg/acvtool/acvtool_working_dir/apktool/org.scoutant.blokish/smali;/home/tbg/acvtool/acvtool_working_dir/metadata/blokish.pickle;org.scoutant.blokish;instruction;None;None;None
2021-07-25 23:18:34.247498;35.5138950348;instrument_apk;
2021-07-26 08:26:24.074450;1.21023201942;instrument_smali_code;/home/tbg/acvtool/acvtool_working_dir/apktool/org.billthefarmer.currency/smali;/home/tbg/acvtool/acvtool_working_dir/metadata/billthefarmercurrency.pickle;org.billthefarmer.currency;instruction;None;None;None
2021-07-26 08:26:27.982793;8.6552271843;instrument_apk;
2021-07-26 08:42:09.908328;2.22830986977;instrument_smali_code;/home/tbg/acvtool/acvtool_working_dir/apktool/org.billthefarmer.currency/smali;/home/tbg/acvtool/acvtool_working_dir/metadata/billthefarmercurrency.pickle;org.billthefarmer.currency;instruction;None;None;None
2021-07-26 08:42:18.276743;21.2967619896;instrument_apk;
2021-07-26 08:58:13.735927;1.23970413208;instrument_smali_code;/home/tbg/acvtool/acvtool_working_dir/apktool/org.billthefarmer.currency/smali;/home/tbg/acvtool/acvtool_working_dir/metadata/billthefarmercurrency.pickle;org.billthefarmer.currency;instruction;None;None;None
2021-07-26 08:58:17.776948;8.99591493607;instrument_apk;
2021-07-26 09:14:43.361833;5.47617602348;instrument_smali_code;/home/tbg/acvtool/acvtool_working_dir/apktool/org.billthefarmer.currency/smali;/home/tbg/acvtool/acvtool_working_dir/metadata/billthefarmercurrency.pickle;org.billthefarmer.currency;instruction;None;None;None
2021-07-26 09:14:54.297552;32.6538789272;instrument_apk;
2021-07-26 09:33:36.105059;1.2690410614;instrument_smali_code;/home/tbg/acvtool/acvtool_working_dir/apktool/org.billthefarmer.currency/smali;/home/tbg/acvtool/acvtool_working_dir/metadata/billthefarmercurrency.pickle;org.billthefarmer.currency;instruction;None;None;None
2021-07-26 09:33:40.528244;9.23505711555;instrument_apk;
2021-07-26 09:50:15.581870;3.17339801788;instrument_smali_code;/home/tbg/acvtool/acvtool_working_dir/apktool/org.billthefarmer.currency/smali;/home/tbg/acvtool/acvtool_working_dir/metadata/billthefarmercurrency.pickle;org.billthefarmer.currency;instruction;None;None;None
2021-07-26 09:50:23.834219;21.2290461063;instrument_apk;
2021-07-26 10:04:56.887653;22.1530179977;instrument_smali_code;/home/tbg/acvtool/acvtool_working_dir/apktool/fr.corenting.traficparis/smali;/home/tbg/acvtool/acvtool_working_dir/metadata/traficparis.pickle;fr.corenting.traficparis;instruction;None;None;None
2021-07-26 10:05:20.646575;63.6151411533;instrument_apk;
2021-07-26 10:24:17.348674;24.0308711529;instrument_smali_code;/home/tbg/acvtool/acvtool_working_dir/apktool/fr.corenting.traficparis/smali;/home/tbg/acvtool/acvtool_working_dir/metadata/traficparis.pickle;fr.corenting.traficparis;instruction;None;None;None
2021-07-26 10:24:44.761891;71.3926980495;instrument_apk;
2021-07-26 10:45:55.353988;17.1192548275;instrument_smali_code;/home/tbg/acvtool/acvtool_working_dir/apktool/fr.corenting.traficparis/smali;/home/tbg/acvtool/acvtool_working_dir/metadata/traficparis.pickle;fr.corenting.traficparis;instruction;None;None;None
2021-07-26 10:46:11.712520;43.1267240047;instrument_apk;
2021-07-26 11:04:44.978773;24.7065918446;instrument_smali_code;/home/tbg/acvtool/acvtool_working_dir/apktool/fr.corenting.traficparis/smali;/home/tbg/acvtool/acvtool_working_dir/metadata/traficparis.pickle;fr.corenting.traficparis;instruction;None;None;None
2021-07-26 11:05:13.770467;73.8604168892;instrument_apk;
2021-07-26 11:20:41.617298;14.5968518257;instrument_smali_code;/home/tbg/acvtool/acvtool_working_dir/apktool/fr.corenting.traficparis/smali;/home/tbg/acvtool/acvtool_working_dir/metadata/traficparis.pickle;fr.corenting.traficparis;instruction;None;None;None
2021-07-26 11:20:59.940205;42.1679279804;instrument_apk;
2021-07-26 11:40:22.578324;1.52801799774;instrument_smali_code;/home/tbg/acvtool/acvtool_working_dir/apktool/dev.pesic.rpncalc/smali;/home/tbg/acvtool/acvtool_working_dir/metadata/rpncalc.pickle;dev.pesic.rpncalc;instruction;None;None;None
2021-07-26 11:40:38.828532;26.0179860592;instrument_apk;
2021-07-26 13:43:36.615087;1.06411099434;instrument_smali_code;/home/tbg/acvtool/acvtool_working_dir/apktool/dev.pesic.rpncalc/smali;/home/tbg/acvtool/acvtool_working_dir/metadata/rpncalc.pickle;dev.pesic.rpncalc;instruction;None;None;None
2021-07-26 13:43:48.665275;20.6466720104;instrument_apk;
2021-07-26 14:07:41.492269;1.93026804924;instrument_smali_code;/home/tbg/acvtool/acvtool_working_dir/apktool/dev.pesic.rpncalc/smali;/home/tbg/acvtool/acvtool_working_dir/metadata/rpncalc.pickle;dev.pesic.rpncalc;instruction;None;None;None
2021-07-26 14:08:00.382389;30.6693589687;instrument_apk;
2021-07-26 14:27:07.459617;1.67971301079;instrument_smali_code;/home/tbg/acvtool/acvtool_working_dir/apktool/dev.pesic.rpncalc/smali;/home/tbg/acvtool/acvtool_working_dir/metadata/rpncalc.pickle;dev.pesic.rpncalc;instruction;None;None;None
2021-07-26 14:27:23.666517;26.3388979435;instrument_apk;
2021-07-26 14:53:31.065734;2.90515708923;instrument_smali_code;/home/tbg/acvtool/acvtool_working_dir/apktool/dev.pesic.rpncalc/smali;/home/tbg/acvtool/acvtool_working_dir/metadata/rpncalc.pickle;dev.pesic.rpncalc;instruction;None;None;None
2021-07-26 14:53:52.318591;38.8431251049;instrument_apk;
2021-07-29 17:20:00.410885;2.95982003212;instrument_smali_code;/home/tbg/acvtool/acvtool_working_dir/apktool/org.uaraven.e/smali;/home/tbg/acvtool/acvtool_working_dir/metadata/uaraven.pickle;org.uaraven.e;instruction;None;None;None
2021-07-29 17:20:07.842899;17.0019612312;instrument_apk;
2021-07-29 17:34:19.516923;2.93183708191;instrument_smali_code;/home/tbg/acvtool/acvtool_working_dir/apktool/org.uaraven.e/smali;/home/tbg/acvtool/acvtool_working_dir/metadata/uaraven.pickle;org.uaraven.e;instruction;None;None;None
2021-07-29 17:34:25.953220;16.1203329563;instrument_apk;
2021-07-29 17:55:36.359578;2.59384393692;instrument_smali_code;/home/tbg/acvtool/acvtool_working_dir/apktool/org.uaraven.e/smali;/home/tbg/acvtool/acvtool_working_dir/metadata/uaraven.pickle;org.uaraven.e;instruction;None;None;None
2021-07-29 17:55:42.213676;14.0712299347;instrument_apk;
2021-07-29 18:11:02.349696;3.12198710442;instrument_smali_code;/home/tbg/acvtool/acvtool_working_dir/apktool/org.uaraven.e/smali;/home/tbg/acvtool/acvtool_working_dir/metadata/uaraven.pickle;org.uaraven.e;instruction;None;None;None
2021-07-29 18:11:09.551693;14.177355051;instrument_apk;
2021-07-29 18:25:38.813910;2.8972530365;instrument_smali_code;/home/tbg/acvtool/acvtool_working_dir/apktool/org.uaraven.e/smali;/home/tbg/acvtool/acvtool_working_dir/metadata/uaraven.pickle;org.uaraven.e;instruction;None;None;None
2021-07-29 18:25:44.426868;15.4510838985;instrument_apk;
2021-07-29 18:40:23.578123;2.17733502388;instrument_smali_code;/home/tbg/acvtool/acvtool_working_dir/apktool/org.uaraven.e/smali;/home/tbg/acvtool/acvtool_working_dir/metadata/uaraven.pickle;org.uaraven.e;instruction;None;None;None
2021-07-29 18:40:29.901765;13.9361798763;instrument_apk;
2021-07-29 18:54:00.280897;2.70980215073;instrument_smali_code;/home/tbg/acvtool/acvtool_working_dir/apktool/org.uaraven.e/smali;/home/tbg/acvtool/acvtool_working_dir/metadata/uaraven.pickle;org.uaraven.e;instruction;None;None;None
2021-07-29 18:54:06.360454;20.23396492;instrument_apk;
2021-07-29 19:08:49.208181;3.23254609108;instrument_smali_code;/home/tbg/acvtool/acvtool_working_dir/apktool/org.uaraven.e/smali;/home/tbg/acvtool/acvtool_working_dir/metadata/uaraven.pickle;org.uaraven.e;instruction;None;None;None
2021-07-29 19:08:55.056897;16.649750948;instrument_apk;
2021-07-29 19:22:56.846379;3.1126639843;instrument_smali_code;/home/tbg/acvtool/acvtool_working_dir/apktool/org.uaraven.e/smali;/home/tbg/acvtool/acvtool_working_dir/metadata/uaraven.pickle;org.uaraven.e;instruction;None;None;None
2021-07-29 19:23:03.137547;13.6260230541;instrument_apk;
2021-07-29 19:42:25.443256;4.05817604065;instrument_smali_code;/home/tbg/acvtool/acvtool_working_dir/apktool/org.uaraven.e/smali;/home/tbg/acvtool/acvtool_working_dir/metadata/uaraven.pickle;org.uaraven.e;instruction;None;None;None
2021-07-29 19:42:35.226314;26.832515955;instrument_apk;
2021-07-29 20:10:12.360713;2.25561904907;instrument_smali_code;/home/tbg/acvtool/acvtool_working_dir/apktool/org.uaraven.e/smali;/home/tbg/acvtool/acvtool_working_dir/metadata/uaraven.pickle;org.uaraven.e;instruction;None;None;None
2021-07-29 20:10:19.570842;17.6149499416;instrument_apk;
2021-07-29 20:35:39.899772;4.55958294868;instrument_smali_code;/home/tbg/acvtool/acvtool_working_dir/apktool/org.uaraven.e/smali;/home/tbg/acvtool/acvtool_working_dir/metadata/uaraven.pickle;org.uaraven.e;instruction;None;None;None
2021-07-29 20:35:49.805560;24.3108649254;instrument_apk;
2021-07-29 20:57:35.198666;3.66373610497;instrument_smali_code;/home/tbg/acvtool/acvtool_working_dir/apktool/org.uaraven.e/smali;/home/tbg/acvtool/acvtool_working_dir/metadata/uaraven.pickle;org.uaraven.e;instruction;None;None;None
2021-07-29 20:57:44.675326;22.7810459137;instrument_apk;
2021-07-29 21:15:32.730834;2.82633018494;instrument_smali_code;/home/tbg/acvtool/acvtool_working_dir/apktool/org.uaraven.e/smali;/home/tbg/acvtool/acvtool_working_dir/metadata/uaraven.pickle;org.uaraven.e;instruction;None;None;None
2021-07-29 21:15:39.464608;16.8922560215;instrument_apk;
2021-07-29 22:43:52.711102;3.91948986053;instrument_smali_code;/home/tbg/acvtool/acvtool_working_dir/apktool/org.uaraven.e/smali;/home/tbg/acvtool/acvtool_working_dir/metadata/uaraven.pickle;org.uaraven.e;instruction;None;None;None
2021-07-29 22:44:02.399937;23.168998003;instrument_apk;
2021-07-29 22:59:41.652576;3.48030996323;instrument_smali_code;/home/tbg/acvtool/acvtool_working_dir/apktool/org.uaraven.e/smali;/home/tbg/acvtool/acvtool_working_dir/metadata/uaraven.pickle;org.uaraven.e;instruction;None;None;None
2021-07-29 22:59:51.273772;24.3660829067;instrument_apk;
2021-07-30 09:51:49.302499;2.05085515976;instrument_smali_code;/home/tbg/acvtool/acvtool_working_dir/apktool/org.uaraven.e/smali;/home/tbg/acvtool/acvtool_working_dir/metadata/uaraven.pickle;org.uaraven.e;instruction;None;None;None
2021-07-30 09:51:54.591832;12.1579921246;instrument_apk;
2021-07-30 10:05:54.746366;2.06196904182;instrument_smali_code;/home/tbg/acvtool/acvtool_working_dir/apktool/org.uaraven.e/smali;/home/tbg/acvtool/acvtool_working_dir/metadata/uaraven.pickle;org.uaraven.e;instruction;None;None;None
2021-07-30 10:05:58.564263;9.29887008667;instrument_apk;
2021-07-30 10:18:28.993017;3.15999102592;instrument_smali_code;/home/tbg/acvtool/acvtool_working_dir/apktool/org.uaraven.e/smali;/home/tbg/acvtool/acvtool_working_dir/metadata/uaraven.pickle;org.uaraven.e;instruction;None;None;None
2021-07-30 10:18:34.496858;17.8148059845;instrument_apk;
2021-07-30 10:41:17.798098;3.41389203072;instrument_smali_code;/home/tbg/acvtool/acvtool_working_dir/apktool/org.uaraven.e/smali;/home/tbg/acvtool/acvtool_working_dir/metadata/uaraven.pickle;org.uaraven.e;instruction;None;None;None
2021-07-30 10:41:23.751211;17.7004950047;instrument_apk;
2021-07-30 10:55:35.690484;2.23488903046;instrument_smali_code;/home/tbg/acvtool/acvtool_working_dir/apktool/org.uaraven.e/smali;/home/tbg/acvtool/acvtool_working_dir/metadata/uaraven.pickle;org.uaraven.e;instruction;None;None;None
2021-07-30 10:55:42.444336;16.0145862103;instrument_apk;
2021-07-30 11:12:23.852275;2.23248791695;instrument_smali_code;/home/tbg/acvtool/acvtool_working_dir/apktool/org.uaraven.e/smali;/home/tbg/acvtool/acvtool_working_dir/metadata/uaraven.pickle;org.uaraven.e;instruction;None;None;None
2021-07-30 11:12:30.596224;14.6982419491;instrument_apk;
2021-07-30 11:43:12.734656;2.85158801079;instrument_smali_code;/home/tbg/acvtool/acvtool_working_dir/apktool/org.uaraven.e/smali;/home/tbg/acvtool/acvtool_working_dir/metadata/uaraven.pickle;org.uaraven.e;instruction;None;None;None
2021-07-30 11:43:22.169972;17.3158328533;instrument_apk;
2021-07-30 12:01:06.277261;4.94140195847;instrument_smali_code;/home/tbg/acvtool/acvtool_working_dir/apktool/org.uaraven.e/smali;/home/tbg/acvtool/acvtool_working_dir/metadata/uaraven.pickle;org.uaraven.e;instruction;None;None;None
2021-07-30 12:01:16.306209;27.1511619091;instrument_apk;
2021-07-30 12:19:14.725797;3.14531207085;instrument_smali_code;/home/tbg/acvtool/acvtool_working_dir/apktool/org.uaraven.e/smali;/home/tbg/acvtool/acvtool_working_dir/metadata/uaraven.pickle;org.uaraven.e;instruction;None;None;None
2021-07-30 12:19:20.391271;16.1426720619;instrument_apk;
